Date,AXON,BA,GD,GE,HWM,LHX,LMT,NOC,RTX,TDG
2024-06-17,297.1700134277344,178.38999938964844,286.36004638671875,161.910400390625,79.76031494140625,216.29345703125,447.21527099609375,422.3627624511719,102.32131958007812,1249.20458984375
2024-06-18,293.5199890136719,174.99000549316406,290.4240417480469,163.63633728027344,79.959716796875,218.0183868408203,448.1798095703125,418.4809265136719,102.61514282226562,1268.6873779296875
2024-06-20,293.1400146484375,176.3000030517578,292.0126037597656,163.6660919189453,79.27178955078125,219.63551330566406,454.3569030761719,426.9816589355469,102.90898132324219,1259.39599609375
2024-06-21,291.1499938964844,176.55999755859375,290.6676940917969,162.9122314453125,79.89990234375,221.0174102783203,455.5845642089844,424.63287353515625,103.4378662109375,1251.269287109375
2024-06-24,292.70001220703125,179.10000610351562,290.9405822753906,159.24212646484375,78.39441680908203,220.99783325195312,459.3940734863281,423.2373962402344,99.86294555664062,1257.861572265625
2024-06-25,292.6300048828125,175.10000610351562,287.773193359375,158.43870544433594,77.96570587158203,220.037353515625,456.04248046875,421.085205078125,99.48096466064453,1250.577880859375
2024-06-26,292.8800048828125,178.5,287.042236328125,159.34133911132812,78.76331329345703,219.02786254882812,454.9902038574219,424.0432434082031,99.1773452758789,1232.080078125
2024-06-27,298.3500061035156,182.50999450683594,285.0638732910156,159.20245361328125,79.36152648925781,218.73382568359375,455.1266174316406,427.4042053222656,98.55050659179688,1220.5438232421875
2024-06-28,294.239990234375,182.00999450683594,282.7639465332031,157.68482971191406,77.39741516113281,220.10595703125,455.097412109375,428.42626953125,98.32522583007812,1210.0872802734375
2024-07-01,289.2099914550781,186.6999969482422,280.5516052246094,157.68482971191406,77.06841278076172,217.53814697265625,454.454345703125,427.49267578125,97.50251007080078,1186.5126953125
2024-07-02,293.17999267578125,185.4199981689453,278.5439147949219,160.14479064941406,77.83610534667969,219.14547729492188,453.7333984375,429.8217468261719,98.3448257446289,1210.5513916015625
2024-07-03,296.55999755859375,184.30999755859375,277.6376037597656,161.68226623535156,79.09233093261719,220.10595703125,454.0549011230469,429.5466003417969,98.66802978515625,1215.666015625
2024-07-05,298.3800048828125,184.8300018310547,275.8941650390625,159.20245361328125,78.56391906738281,219.60610961914062,450.2843322753906,427.2273254394531,98.30564880371094,1207.1890869140625
2024-07-08,302.4800109863281,185.83999633789062,274.7090148925781,162.20794677734375,80.22891998291016,221.49766540527344,449.8946228027344,422.82464599609375,98.04119873046875,1204.9443359375
2024-07-09,298.510009765625,183.24000549316406,273.7687683105469,161.81121826171875,79.99959564208984,221.45848083496094,448.47210693359375,416.4172058105469,99.03042602539062,1203.315185546875
2024-07-10,293.2900085449219,183.72999572753906,276.11944580078125,164.3604278564453,79.93978118896484,222.74237060546875,449.1639099121094,418.88385009765625,98.60926818847656,1205.41796875
2024-07-11,291.1600036621094,183.91000366210938,278.31341552734375,160.88284301757812,79.42134857177734,225.75120544433594,448.5500793457031,424.5640869140625,99.62787628173828,1189.2784423828125
2024-07-12,292.6600036621094,182.30999755859375,278.05877685546875,157.99147033691406,78.99262237548828,226.437255859375,451.81396484375,424.7803039550781,99.19692993164062,1176.6529541015625
2024-07-15,308.6400146484375,179.11000061035156,279.557373046875,158.53794860839844,78.66361999511719,229.86752319335938,451.96014404296875,424.4658508300781,99.52993774414062,1176.302490234375
2024-07-16,319.42999267578125,186.0500030517578,285.6005859375,161.806884765625,81.13618469238281,235.63038635253906,456.53936767578125,427.64990234375,101.54756164550781,1212.8245849609375
2024-07-17,317.7799987792969,184.83999633789062,285.99237060546875,155.6565399169922,77.62672424316406,233.5036163330078,463.8368835449219,432.5734558105469,102.83061981201172,1175.8572998046875
2024-07-18,305.6700134277344,180.22999572753906,287.2460632324219,157.77288818359375,78.54397583007812,233.02337646484375,463.7687072753906,432.0231018066406,101.70426940917969,1180.0721435546875
2024-07-19,308.45001220703125,179.6699981689453,282.2998352050781,158.11073303222656,77.79621887207031,230.09295654296875,462.7164611816406,430.3819580078125,100.69544982910156,1172.636962890625
2024-07-22,316.760009765625,178.89999389648438,285.2284240722656,161.71746826171875,80.00957489013672,233.3957977294922,462.3949279785156,430.5391845703125,101.63571166992188,1189.477294921875
2024-07-23,319.54998779296875,186.47999572753906,288.41162109375,170.89828491210938,82.16310119628906,235.2383575439453,488.40887451171875,434.66668701171875,102.81102752685547,1219.1041259765625
2024-07-24,313.1099853515625,180.07000732421875,278.8227844238281,161.26043701171875,79.3515396118164,232.42552185058594,501.9613952636719,434.4897766113281,102.67391967773438,1179.6553955078125
2024-07-25,310.80999755859375,184.35000610351562,285.0031433105469,163.61521911621094,82.09330749511719,238.42361450195312,508.0021057128906,462.44879150390625,111.1362075805664,1163.4970703125
2024-07-26,310.5899963378906,186.88999938964844,284.4350280761719,168.72232055664062,82.43229675292969,224.83973693847656,511.314697265625,472.0108642578125,111.60633850097656,1169.5966796875
2024-07-29,309.0,185.42999267578125,283.5437316894531,168.78192138671875,82.60177612304688,220.30197143554688,514.081787109375,469.05279541015625,112.08626556396484,1170.7900390625
2024-07-30,304.7200012207031,186.86000061035156,286.991455078125,166.4072265625,93.52893829345703,223.2030029296875,523.84423828125,478.3299255371094,114.47606658935547,1197.34814453125
2024-07-31,300.010009765625,190.60000610351562,292.5743713378906,169.1098175048828,95.41328430175781,222.36993408203125,527.9948120117188,475.9615173339844,115.07352447509766,1225.8194580078125
2024-08-01,299.6300048828125,178.30999755859375,287.42242431640625,168.66270446777344,94.58577728271484,224.6535186767578,534.7564697265625,484.8454895019531,114.33895111083984,1201.0230712890625
2024-08-02,292.3599853515625,169.9499969482422,286.3841857910156,159.2533416748047,89.88988494873047,225.6042022705078,534.6687622070312,486.01495361328125,114.04512786865234,1148.2005615234375
2024-08-05,286.1600036621094,167.02999877929688,280.0274658203125,157.34564208984375,86.4900894165039,222.5757598876953,531.3659057617188,484.1280517578125,112.8012466430664,1145.529541015625
2024-08-06,295.0,165.0399932861328,279.5181579589844,161.23060607910156,88.81311798095703,221.45848083496094,527.64404296875,478.13336181640625,112.04708099365234,1171.9739990234375
2024-08-07,349.239990234375,163.24000549316406,281.27142333984375,161.09152221679688,87.65658569335938,222.31112670898438,534.4154663085938,481.2977600097656,111.80221557617188,1138.5018310546875
2024-08-08,368.4599914550781,168.8699951171875,284.8268127441406,164.54922485351562,91.68448638916016,226.02560424804688,537.445556640625,482.8407287597656,112.73268127441406,1166.0543212890625
2024-08-09,365.0,167.91000366210938,286.9718933105469,166.05947875976562,92.89190673828125,223.78123474121094,537.4066162109375,485.8085632324219,113.7610855102539,1180.24267578125
2024-08-12,368.0299987792969,164.1300048828125,285.2186279296875,165.80113220214844,92.63246154785156,224.2712860107422,542.5995483398438,493.002197265625,114.20183563232422,1167.8824462890625
2024-08-13,368.9700012207031,168.75999450683594,286.1980895996094,166.8841552734375,93.72014617919922,223.34022521972656,545.0451049804688,493.70977783203125,114.45648193359375,1177.9599609375
2024-08-14,370.57000732421875,168.5,287.6966247558594,166.87420654296875,93.68022155761719,221.5564422607422,548.7474975585938,496.2845764160156,115.2302474975586,1182.3831787109375
2024-08-15,373.69000244140625,176.41000366210938,289.8710632324219,168.85147094726562,95.3766098022461,221.9779052734375,545.8927612304688,495.0070495605469,115.9256362915039,1205.0958251953125
2024-08-16,373.69000244140625,179.99000549316406,290.4978942871094,168.3347930908203,95.61610412597656,223.94786071777344,545.7369384765625,497.91595458984375,116.14225769042969,1212.4267578125
2024-08-19,373.07000732421875,179.63999938964844,289.5282287597656,169.8351287841797,96.16493225097656,225.88841247558594,544.0416259765625,496.1568298339844,116.5361328125,1239.0985107421875
2024-08-20,373.04998779296875,172.10000610351562,289.72412109375,168.9011688232422,95.42650604248047,225.0651397705078,542.697021484375,499.27215576171875,116.14225769042969,1241.15380859375
2024-08-21,375.1000061035156,173.42999267578125,288.0296936035156,170.10340881347656,96.05516052246094,225.46697998046875,539.5305786132812,498.1125183105469,115.46284484863281,1244.2794189453125
2024-08-22,372.69000244140625,172.75999450683594,287.42242431640625,168.59312438964844,96.34455108642578,226.60386657714844,542.716552734375,500.8346862792969,116.21118927001953,1235.4425048828125
2024-08-23,370.70001220703125,174.9600067138672,285.4635009765625,170.12326049804688,96.87342071533203,226.0844268798828,540.7484741210938,500.5496826171875,116.70352172851562,1256.56396484375
2024-08-26,360.489990234375,173.47999572753906,285.02276611328125,170.12326049804688,96.43435668945312,224.38888549804688,543.759033203125,503.16375732421875,116.88076782226562,1233.425048828125
2024-08-27,363.42999267578125,173.0500030517578,284.2391662597656,169.89474487304688,96.74369049072266,225.47677612304688,546.0097045898438,503.59619140625,117.65866088867188,1256.1376953125
2024-08-28,362.45001220703125,170.7100067138672,290.546875,170.76910400390625,96.31461334228516,227.32911682128906,549.4879150390625,504.6968688964844,118.98796844482422,1262.6068115234375
2024-08-29,362.0,172.25999450683594,291.71240234375,172.46815490722656,96.75366973876953,229.024658203125,552.2841186523438,510.3869323730469,120.4157485961914,1292.261962890625
2024-08-30,364.9700012207031,173.74000549316406,293.21099853515625,173.5015106201172,96.4543228149414,231.95510864257812,553.5020751953125,514.1803588867188,121.44965362548828,1300.634765625
2024-09-03,355.1600036621094,161.02000427246094,288.8621826171875,163.15817260742188,92.82205963134766,230.5927734375,555.72607421875,515.6997680664062,119.13567352294922,1262.06689453125
2024-09-04,355.3500061035156,163.22000122070312,288.30389404296875,165.29440307617188,94.14922332763672,231.7884979248047,563.1328735351562,516.6764526367188,119.25382995605469,1279.2386474609375
2024-09-05,354.8599853515625,162.14999389648438,291.18353271484375,162.8004913330078,94.009521484375,227.8877716064453,557.068359375,512.4439086914062,117.80635833740234,1259.0264892578125
2024-09-06,354.6199951171875,157.6199951171875,286.7661437988281,160.197265625,91.24541473388672,223.81973266601562,555.1480712890625,508.1125793457031,116.624755859375,1225.7720947265625
2024-09-09,364.3900146484375,162.91000366210938,295.3658142089844,164.29087829589844,93.49063110351562,225.82913208007812,564.8866577148438,517.199462890625,119.30307006835938,1233.9176025390625
2024-09-10,359.3500061035156,160.07000732421875,296.1885681152344,165.91043090820312,92.9517822265625,224.46983337402344,560.5953369140625,513.01611328125,118.45625305175781,1241.475830078125
2024-09-11,361.7099914550781,161.3300018310547,293.436279296875,165.2844696044922,93.88978576660156,223.60304260253906,555.4713745117188,509.0301513671875,117.43218994140625,1257.8426513671875
2024-09-12,384.510009765625,162.77000427246094,294.4941101074219,168.61300659179688,94.02948760986328,224.74563598632812,556.7548217773438,511.6052551269531,118.25931549072266,1276.78564453125
2024-09-13,379.6099853515625,156.77000427246094,298.53924560546875,177.1380615234375,95.07725524902344,226.32162475585938,558.361572265625,512.82861328125,117.29434204101562,1295.4727783203125
2024-09-16,385.7699890136719,155.5500030517578,301.2327575683594,180.27780151367188,94.93755340576172,228.23252868652344,561.310546875,514.2987670898438,117.37310791015625,1300.360107421875
2024-09-17,382.57000732421875,156.38999938964844,297.6087951660156,179.1749267578125,94.38871765136719,226.26254272460938,555.5203247070312,513.78564453125,116.91031646728516,1302.75634765625
2024-09-18,383.010009765625,155.11000061035156,296.1689758300781,182.37429809570312,94.47853088378906,226.26254272460938,554.0311279296875,514.6538696289062,116.23088836669922,1301.098876953125
2024-09-19,389.739990234375,154.58999633789062,298.47076416015625,184.96759033203125,97.2226791381836,227.00128173828125,553.7274780273438,515.2755126953125,116.9989242553711,1316.395263671875
2024-09-20,393.2900085449219,153.2899932861328,300.5667724609375,186.22943115234375,97.24263000488281,229.7100067138672,560.3308715820312,518.1070556640625,116.33920288085938,1333.614501953125
2024-09-23,393.94000244140625,156.3000030517578,301.7616882324219,187.4615020751953,98.42012023925781,234.1621551513672,568.7467651367188,526.010009765625,118.42671203613281,1343.03857421875
2024-09-24,393.6600036621094,155.80999755859375,298.4119567871094,188.44517517089844,99.10865783691406,231.217041015625,566.9048461914062,522.7738037109375,118.20023345947266,1345.8043212890625
2024-09-25,395.260009765625,152.22000122070312,295.4931640625,188.11727905273438,99.50779724121094,229.81834411621094,566.2288818359375,521.0472412109375,119.04705047607422,1348.9866943359375
2024-09-26,393.25,154.5800018310547,294.3177795410156,183.6792755126953,99.08869934082031,228.0847625732422,565.6998291015625,517.2980346679688,118.47594451904297,1327.173828125
2024-09-27,395.3399963378906,156.32000732421875,293.9652099609375,184.46539306640625,98.99888610839844,231.46328735351562,570.5592651367188,519.744873046875,118.54486846923828,1328.7366943359375
2024-09-30,399.6000061035156,152.0399932861328,295.9926452636719,187.64959716796875,100.03666687011719,234.30006408691406,572.7147827148438,521.0078125,119.30307006835938,1351.705078125
2024-10-01,399.2200012207031,154.22000122070312,299.0583801269531,185.38084411621094,100.70524597167969,241.6086883544922,593.5830688476562,536.6063842773438,122.48356628417969,1360.068359375
2024-10-02,404.510009765625,152.88999938964844,297.6773681640625,185.52015686035156,101.074462890625,240.9881591796875,590.97705078125,531.663330078125,122.13892364501953,1366.2911376953125
2024-10-03,415.04998779296875,150.52000427246094,293.45587158203125,182.98272705078125,100.53561401367188,239.46142578125,593.5438842773438,530.3905639648438,121.77459716796875,1344.0899658203125
2024-10-04,421.79998779296875,155.0,294.48431396484375,186.15699768066406,101.8128890991211,240.003173828125,592.8678588867188,529.5618286132812,122.99559783935547,1355.4599609375
2024-10-07,420.8299865722656,155.91000366210938,291.18353271484375,185.04251098632812,102.61119079589844,238.13168334960938,593.2695922851562,526.828857421875,123.1334457397461,1356.550048828125
2024-10-08,426.989990234375,154.64999389648438,290.8015441894531,186.54507446289062,102.77083587646484,237.6588897705078,595.7286987304688,525.5265502929688,121.60720825195312,1375.6199951171875
2024-10-09,432.1400146484375,149.3699951171875,292.5547790527344,188.3461456298828,103.47932434082031,238.5847930908203,592.8482666015625,525.1121215820312,122.05030059814453,1386.9599609375
2024-10-10,428.760009765625,146.6199951171875,289.968994140625,187.19186401367188,101.88273620605469,238.7128448486328,585.3826904296875,520.0408935546875,121.05579376220703,1368.97998046875
2024-10-11,434.9800109863281,151.02000427246094,294.7029113769531,190.2168731689453,103.59907531738281,242.34744262695312,591.9273071289062,521.6293334960938,122.0306167602539,1410.4200439453125
2024-10-14,437.9800109863281,148.99000549316406,297.0845947265625,191.67962646484375,102.43157196044922,244.50457763671875,598.4916381835938,526.927490234375,122.72972869873047,1411.6300048828125
2024-10-15,434.1199951171875,152.35000610351562,295.4607238769531,189.62979125976562,103.68888854980469,241.61856079101562,592.7405395507812,519.8829345703125,123.1137466430664,1390.52001953125
2024-10-16,433.8299865722656,154.89999389648438,300.0469970703125,191.23182678222656,105.08590698242188,244.41592407226562,600.4119262695312,524.3228149414062,124.28551483154297,1384.0699462890625
2024-10-17,434.4800109863281,155.30999755859375,303.3538513183594,191.66966247558594,105.98399353027344,244.5538330078125,597.2669067382812,520.9091186523438,123.82271575927734,1401.9599609375
2024-10-18,438.04998779296875,155.0,303.59991455078125,191.6597137451172,105.31542205810547,245.0463104248047,599.41259765625,523.6913452148438,123.9901123046875,1397.1600341796875
2024-10-21,443.9800109863281,159.82000732421875,303.2062072753906,193.27171325683594,106.09375762939453,244.42576599121094,602.1558227539062,522.566650390625,123.97042083740234,1386.8599853515625
2024-10-22,449.6099853515625,159.8800048828125,301.1492614746094,175.78842163085938,102.43157196044922,241.25408935546875,565.288330078125,513.2430419921875,123.60608673095703,1350.4100341796875
2024-10-23,442.69000244140625,157.05999755859375,299.58447265625,180.79359436035156,102.61119079589844,242.13075256347656,559.5274047851562,509.4938659667969,125.26034545898438,1357.5899658203125
2024-10-24,443.1199951171875,155.1999969482422,296.5039367675781,178.85321044921875,100.40589141845703,240.50552368164062,552.777099609375,516.6764526367188,123.2516098022461,1345.56005859375
2024-10-25,444.5199890136719,155.00999450683594,297.7341613769531,178.21636962890625,101.17424774169922,249.01585388183594,550.8959350585938,512.4044189453125,123.24176788330078,1354.8299560546875
2024-10-28,444.7699890136719,150.69000244140625,299.112060546875,174.4948272705078,102.16213989257812,244.30758666992188,543.9202270507812,505.3006896972656,123.50762939453125,1339.0799560546875
2024-10-29,444.0,152.97999572753906,296.9763488769531,173.19129943847656,99.87701416015625,241.3920135498047,535.7198486328125,497.3089904785156,120.90808868408203,1336.1700439453125
2024-10-30,439.0,154.2899932861328,296.6023864746094,173.7783660888672,100.92477416992188,241.72691345214844,534.8773193359375,498.5817565917969,119.99234008789062,1329.6300048828125
2024-10-31,423.5,149.30999755859375,286.99676513671875,170.9324951171875,99.50779724121094,243.7559814453125,534.985107421875,502.2125549316406,119.13567352294922,1302.300048828125
2024-11-01,425.8399963378906,154.58999633789062,288.35498046875,170.8528594970703,99.81714630126953,243.76583862304688,534.2991943359375,500.1702575683594,116.93000030517578,1304.5
2024-11-04,431.57000732421875,155.07000732421875,288.9552917480469,170.91258239746094,99.6275405883789,243.3619842529297,532.0948486328125,500.6536865234375,116.19149780273438,1315.3900146484375
2024-11-05,441.0899963378906,151.0,291.9570617675781,174.3953094482422,101.94261169433594,247.18374633789062,535.6708374023438,506.0406799316406,117.15647888183594,1337.5999755859375
2024-11-06,459.5199890136719,147.16000366210938,303.5802001953125,179.8681640625,114.61558532714844,252.60121154785156,540.63818359375,516.1437377929688,119.72647094726562,1382.5999755859375
2024-11-07,468.75,150.97999572753906,301.15911865234375,177.9676055908203,110.98332977294922,250.98583984375,540.6577758789062,513.617919921875,118.23961639404297,1329.3900146484375
2024-11-08,603.1799926757812,151.67999267578125,304.57421875,183.898193359375,113.48979187011719,256.6889343261719,553.1199951171875,521.9154052734375,121.65644073486328,1350.97998046875
2024-11-11,616.1400146484375,148.9600067138672,308.94403076171875,183.64942932128906,114.51834106445312,260.2546081542969,559.0179443359375,526.5625,122.65095520019531,1374.760009765625
2024-11-12,595.1799926757812,145.1699981689453,307.1134338378906,181.73890686035156,113.4198989868164,257.7921142578125,554.4916381835938,524.2833862304688,121.47919464111328,1355.4200439453125
2024-11-13,601.2899780273438,139.97000122070312,309.0621032714844,182.65435791015625,115.60680389404297,257.7231750488281,546.4283447265625,513.4600830078125,121.8533706665039,1363.0
2024-11-14,604.5599975585938,138.13999938964844,287.7939758300781,177.5198211669922,113.0604019165039,244.43563842773438,528.068115234375,493.6485900878906,117.09739685058594,1271.7099609375
2024-11-15,599.3499755859375,140.19000244140625,283.43402099609375,176.05706787109375,111.85211181640625,243.2930450439453,523.9923706054688,487.383544921875,117.33496856689453,1254.1600341796875
2024-11-18,600.0,143.8699951171875,281.4754943847656,176.6441650390625,113.01046752929688,241.73931884765625,520.2008666992188,482.1445617675781,118.18630981445312,1252.3499755859375
2024-11-19,610.2000122070312,145.60000610351562,276.5152587890625,176.6839599609375,115.83648681640625,241.05645751953125,522.4542846679688,484.4532470703125,117.7606430053711,1250.6199951171875
2024-11-20,609.8200073242188,146.0800018310547,275.61962890625,177.1018829345703,117.93352508544922,241.82838439941406,523.8944091796875,485.40045166015625,117.94872283935547,1293.1099853515625
2024-11-21,631.27001953125,143.41000366210938,275.5015563964844,177.81834411621094,116.81510162353516,244.04518127441406,531.0269165039062,489.77117919921875,119.31481170654297,1240.1300048828125
2024-11-22,636.9500122070312,149.2899932861328,277.351806640625,180.25625610351562,118.2730484008789,245.58901977539062,531.232666015625,490.22503662109375,119.5523910522461,1260.3199462890625
2024-11-25,619.0,153.10000610351562,276.89910888671875,179.32089233398438,115.67670440673828,238.1073455810547,511.31463623046875,478.7801818847656,117.45376586914062,1260.97998046875
2024-11-26,632.1599731445312,150.75999450683594,277.5584716796875,183.68923950195312,117.01481628417969,243.03573608398438,510.8835754394531,481.89788818359375,119.39401245117188,1262.6099853515625
2024-11-27,634.9600219726562,152.39999389648438,277.8439025878906,179.708984375,116.53549194335938,242.788330078125,515.096435546875,482.5392150878906,119.12672424316406,1249.3299560546875
2024-11-29,646.9600219726562,155.44000244140625,279.51702880859375,181.2612762451172,118.21312713623047,243.69879150390625,518.6822509765625,483.1015625,120.6017074584961,1252.969970703125
2024-12-02,636.3900146484375,156.5399932861328,272.0667724609375,179.5497589111328,117.52410125732422,240.30433654785156,512.9937744140625,480.2877197265625,117.48345947265625,1260.469970703125
2024-12-03,669.8699951171875,155.0,273.0312805175781,179.828369140625,118.94210052490234,237.375,509.70086669921875,480.74346923828125,116.90930938720703,1258.7099609375
2024-12-04,687.3900146484375,158.27999877929688,273.2674865722656,181.7488555908203,119.92070770263672,237.9885711669922,510.1938171386719,482.1405029296875,118.02791595458984,1307.81005859375
2024-12-05,689.780029296875,156.6699981689453,270.7971496582031,172.05691528320312,119.90074920654297,235.6728057861328,510.174072265625,475.1554260253906,117.3250732421875,1292.8599853515625
2024-12-06,687.6900024414062,153.92999267578125,267.5001525878906,174.71372985839844,118.14321899414062,232.20907592773438,505.7869567871094,469.2898864746094,116.80042266845703,1279.2099609375
2024-12-09,642.5900268554688,157.0399932861328,265.3054504394531,170.4747772216797,113.58965301513672,227.379638671875,502.8095703125,474.75909423828125,115.40463256835938,1258.489990234375
2024-12-10,637.4500122070312,164.10000610351562,266.1518249511719,170.4250030517578,113.919189453125,228.29010009765625,505.69818115234375,475.7597961425781,116.42425537109375,1261.5699462890625
2024-12-11,642.4500122070312,165.9600067138672,261.2309265136719,167.8079833984375,115.91637420654297,226.49884033203125,497.1210021972656,471.2417907714844,115.7610092163086,1246.6500244140625
2024-12-12,636.4099731445312,167.75,258.8787536621094,164.0167694091797,113.53971862792969,222.0256805419922,489.5691223144531,477.07757568359375,114.8799819946289,1240.52001953125
2024-12-13,644.9099731445312,169.64999389648438,258.9476318359375,165.19094848632812,113.27010345458984,220.8480224609375,487.6664123535156,475.58148193359375,116.56283569335938,1259.1199951171875
2024-12-16,649.2999877929688,173.1699981689453,261.86083984375,164.97203063964844,113.12031555175781,219.73960876464844,484.708740234375,478.15753173828125,116.9192123413086,1280.0400390625
2024-12-17,635.760009765625,173.02999877929688,261.0242614746094,164.9819793701172,111.772216796875,216.18679809570312,483.6834411621094,475.8687744140625,116.23616790771484,1274.239990234375
2024-12-18,609.9600219726562,172.6199951171875,258.1209411621094,159.1608428955078,107.53820037841797,211.20892333984375,476.1217346191406,463.35504150390625,113.29610443115234,1239.0
2024-12-19,615.6799926757812,177.0399932861328,256.16241455078125,163.9869384765625,109.19585418701172,208.4577178955078,472.8880310058594,462.8299255371094,114.29592895507812,1260.1199951171875
2024-12-20,631.6900024414062,177.35000610351562,259.46929931640625,167.53929138183594,110.67377471923828,211.3375701904297,482.11590576171875,465.2177429199219,115.3056411743164,1276.1500244140625
2024-12-23,624.1400146484375,177.69000244140625,260.9947204589844,168.18609619140625,110.3841781616211,210.8229522705078,479.6216125488281,462.8992919921875,115.4541244506836,1290.6099853515625
2024-12-24,631.25,179.33999633789062,261.6934814453125,170.6439208984375,111.88206481933594,211.10997009277344,481.23846435546875,466.75347900390625,115.65211486816406,1301.6600341796875
2024-12-26,623.7999877929688,180.3800048828125,262.5595703125,171.3006591796875,112.37136840820312,211.3771514892578,483.0623474121094,467.88299560546875,115.86000061035156,1301.22998046875
2024-12-27,610.97998046875,180.72000122070312,261.9297180175781,169.51658630371094,111.07321166992188,210.1697998046875,482.0666198730469,467.0110778808594,115.5333251953125,1290.9000244140625
2024-12-30,604.3200073242188,176.5500030517578,259.21337890625,167.54315185546875,110.12454986572266,206.77532958984375,476.545654296875,462.22552490234375,114.058349609375,1279.9100341796875
2024-12-31,594.3200073242188,177.0,259.3216552734375,166.2374725341797,109.21582794189453,208.10145568847656,479.0793762207031,464.9700622558594,114.55330657958984,1267.280029296875
2025-01-02,596.489990234375,171.8699951171875,256.880859375,168.03150939941406,110.63382720947266,205.21170043945312,475.44146728515625,463.70184326171875,114.84038543701172,1254.1099853515625
2025-01-03,601.0599975585938,169.89999389648438,259.2035217285156,171.39036560058594,112.6010513305664,207.57693481445312,475.0175476074219,463.5135803222656,114.70179748535156,1275.56005859375
2025-01-06,570.7100219726562,170.77999877929688,253.9086456298828,171.8787384033203,112.31145477294922,202.1735076904297,459.4208984375,450.9503173828125,112.94963836669922,1251.3199462890625
2025-01-07,562.030029296875,172.50999450683594,255.5423583984375,171.73919677734375,111.50260925292969,200.89686584472656,457.40966796875,448.22564697265625,113.64258575439453,1252.1300048828125
2025-01-08,577.3400268554688,171.75999450683594,257.3335876464844,172.31729125976562,114.88782501220703,205.00387573242188,462.23065185546875,457.9552001953125,114.75128936767578,1282.3199462890625
2025-01-10,570.0,172.0,255.27664184570312,171.1212615966797,112.48121643066406,206.12217712402344,461.4419250488281,454.4676208496094,113.949462890625,1262.1099853515625
2025-01-13,568.6799926757812,170.57000732421875,259.498779296875,171.0016632080078,114.58824920654297,211.70375061035156,476.3386535644531,468.0315856933594,116.55294036865234,1278.4599609375
2025-01-14,579.7999877929688,167.02000427246094,260.92584228515625,176.2741241455078,119.02198791503906,212.6636962890625,477.6202392578125,471.12286376953125,118.2655029296875,1300.72998046875
2025-01-15,580.0,166.1999969482422,261.8804931640625,179.6927490234375,121.68822479248047,211.9214630126953,477.1371765136719,467.95233154296875,117.88932800292969,1293.530029296875
2025-01-16,585.8400268554688,168.92999267578125,264.5771179199219,179.14459228515625,122.80664825439453,216.21649169921875,479.9863586425781,476.760498046875,119.24552154541016,1322.02001953125
2025-01-17,593.8900146484375,171.08999633789062,263.8450012207031,182.24429321289062,125.12337493896484,215.89981079101562,483.39752197265625,477.9395446777344,119.88896942138672,1340.02001953125
2025-01-21,605.5800170898438,175.55999755859375,268.7524719238281,186.87887573242188,126.98075866699219,220.55111694335938,499.14208984375,499.806396484375,124.48218536376953,1358.010009765625
2025-01-22,607.5999755859375,174.8000030517578,265.99200439453125,187.7360382080078,126.53137969970703,217.78013610839844,492.2901916503906,497.78515625,123.12599182128906,1354.0
2025-01-23,613.3800048828125,178.5,265.7149658203125,200.13482666015625,127.5599365234375,217.51292419433594,490.25927734375,495.1694641113281,125.0167465209961,1349.97998046875
2025-01-24,610.3200073242188,176.05999755859375,263.6075134277344,196.09823608398438,126.85093688964844,216.38473510742188,489.94378662109375,492.44476318359375,124.04661560058594,1341.8199462890625
2025-01-27,604.6799926757812,175.16000366210938,266.9814147949219,193.81582641601562,121.90791320800781,219.98703002929688,496.5787658691406,498.5976257324219,123.78924560546875,1344.22998046875
2025-01-28,637.530029296875,177.77999877929688,259.7884521484375,193.78591918945312,126.2318115234375,211.0901641845703,450.99163818359375,482.16033935546875,127.05597686767578,1329.47998046875
2025-01-29,639.969970703125,173.66000366210938,248.78623962402344,198.44046020507812,126.18187713623047,209.754150390625,447.9451904296875,477.1072692871094,123.8684310913086,1338.9200439453125
2025-01-30,653.4299926757812,179.52999877929688,254.2081756591797,204.88902282714844,127.1904525756836,209.86300659179688,453.1605224609375,478.92041015625,127.67961120605469,1364.8900146484375
2025-01-31,652.1799926757812,176.52000427246094,254.25765991210938,202.89566040039062,126.40156555175781,209.8135223388672,456.4139709472656,482.7845153808594,127.64991760253906,1353.3399658203125
2025-02-03,658.1099853515625,175.8699951171875,253.8717803955078,203.43386840820312,126.20185089111328,210.57554626464844,448.9902648925781,483.2601318359375,128.61013793945312,1352.780029296875
2025-02-04,662.9099731445312,176.22999572753906,254.70286560058594,201.51023864746094,125.3031234741211,208.52700805664062,447.27484130859375,477.949462890625,127.07576751708984,1307.6600341796875
2025-02-05,680.52001953125,181.83999633789062,255.84068298339844,203.9022979736328,127.61985778808594,206.80503845214844,443.51861572265625,467.9919738769531,127.8578109741211,1291.510009765625
2025-02-06,677.4000244140625,184.8000030517578,252.82301330566406,205.37741088867188,128.81814575195312,204.5189666748047,442.18768310546875,462.2552490234375,127.48163604736328,1299.3499755859375
2025-02-07,679.239990234375,181.49000549316406,252.1304168701172,204.5999755859375,127.6189193725586,203.99444580078125,438.1159973144531,464.2665710449219,126.66000366210938,1327.3399658203125
2025-02-10,677.8499755859375,180.5500030517578,253.62442016601562,204.54019165039062,128.1186065673828,206.27061462402344,441.8919372558594,470.0032958984375,126.95697784423828,1335.300048828125
2025-02-11,669.260009765625,180.44000244140625,254.2675323486328,208.12826538085938,129.23789978027344,204.6080322265625,443.01580810546875,469.4781494140625,127.80830383300781,1361.3699951171875
2025-02-12,665.0800170898438,186.25,248.66751098632812,208.94554138183594,128.0086669921875,198.53163146972656,435.7301330566406,466.52557373046875,125.50179290771484,1353.4599609375
2025-02-13,664.7000122070312,185.44000244140625,243.55227661132812,207.66978454589844,127.9986801147461,197.92796325683594,428.58251953125,450.87103271484375,124.57127380371094,1335.9599609375
2025-02-14,683.4099731445312,184.4199981689453,239.37696838378906,207.580078125,133.3352813720703,195.56272888183594,417.21527099609375,434.8597717285156,121.17586517333984,1314.18994140625
2025-02-18,710.010009765625,184.97000122070312,240.02999877929688,209.3840789794922,136.58322143554688,193.67250061035156,422.4897766113281,437.297119140625,122.51224517822266,1299.47998046875
2025-02-19,593.4199829101562,186.14999389648438,241.59323120117188,209.8026885986328,139.30149841308594,192.6333770751953,426.8375244140625,429.4599609375,124.14561462402344,1342.449951171875
2025-02-20,541.8099975585938,180.8800048828125,243.59185791015625,208.04852294921875,138.35211181640625,195.18666076660156,430.1303405761719,434.0770568847656,123.8486328125,1312.5400390625
2025-02-21,513.219970703125,177.14999389648438,240.485107421875,199.1680450439453,129.74757385253906,196.95811462402344,434.497802734375,443.83636474609375,122.6646728515625,1290.1300048828125
2025-02-24,499.7300109863281,179.91000366210938,243.66110229492188,198.0517578125,129.4777374267578,197.77951049804688,434.05413818359375,445.79815673828125,124.7938232421875,1313.030029296875
2025-02-25,496.6499938964844,178.27000427246094,247.26255798339844,198.60989379882812,130.14730834960938,201.85682678222656,442.1285095214844,456.7662658691406,126.69412994384766,1333.72998046875
2025-02-26,572.4000244140625,173.0399932861328,246.5996551513672,200.942138671875,131.8961944580078,200.23382568359375,435.26678466796875,450.68280029296875,126.6642837524414,1332.800048828125
2025-02-27,525.4400024414062,173.8300018310547,248.9544219970703,200.76272583007812,133.3352813720703,202.77719116210938,440.15673828125,455.73583984375,129.85800170898438,1349.52001953125
2025-02-28,528.4500122070312,174.6300048828125,249.92405700683594,206.2943572998047,136.51327514648438,203.97467041015625,444.01153564453125,457.4895324707031,132.3154754638672,1367.199951171875
2025-03-03,525.75,170.05999755859375,251.3488006591797,201.29098510742188,130.9368133544922,205.5481719970703,448.8482666015625,471.1541442871094,133.15121459960938,1370.8199462890625
2025-03-04,528.280029296875,158.89999389648438,248.1431121826172,198.11155700683594,126.9393539428711,204.9346160888672,445.7496032714844,461.6197509765625,128.04722595214844,1349.81005859375
2025-03-05,534.9600219726562,163.16000366210938,260.17431640625,201.82919311523438,130.21726989746094,208.34886169433594,457.270263671875,471.94036865234375,128.9824676513672,1375.02001953125
2025-03-06,499.30999755859375,158.42999267578125,261.7474670410156,195.4005584716797,124.41095733642578,211.57508850097656,458.34283447265625,472.93560791015625,127.62936401367188,1344.6800537109375
2025-03-07,526.4000244140625,154.17999267578125,268.68316650390625,193.2078399658203,124.3210220336914,217.81971740722656,470.40972900390625,484.20166015625,127.74874877929688,1341.5899658203125
2025-03-10,515.4500122070312,148.14999389648438,269.0591735839844,191.83984375,122.23234558105469,216.77491760253906,475.8919677734375,493.089111328125,127.86814880371094,1336.050048828125
2025-03-11,526.6400146484375,154.05999755859375,261.322021484375,191.4404296875,125.42031860351562,211.2821502685547,465.67236328125,491.7554626464844,127.4602279663086,1319.8699951171875
2025-03-12,557.8900146484375,158.8000030517578,257.25555419921875,194.7156524658203,127.8487777709961,207.9188232421875,458.34283447265625,472.8360900878906,127.31098937988281,1325.3699951171875
2025-03-13,534.5599975585938,159.32000732421875,258.39337158203125,192.139404296875,122.69204711914062,210.1378173828125,464.7288513183594,488.25225830078125,128.54469299316406,1330.219970703125
2025-03-14,556.260009765625,161.80999755859375,259.254150390625,196.82257080078125,126.42967987060547,210.01841735839844,462.9809265136719,482.6192321777344,129.33070373535156,1346.5
2025-03-17,554.8200073242188,161.85000610351562,262.3707580566406,201.7353973388672,129.18792724609375,211.92893981933594,464.4110412597656,488.1626892089844,131.3802490234375,1358.93994140625
2025-03-18,539.989990234375,161.57000732421875,264.68597412109375,200.4971923828125,128.1685791015625,211.3816375732422,466.0696105957031,487.4759826660156,132.01699829101562,1342.4300537109375
2025-03-19,568.1099853515625,172.6199951171875,265.1312255859375,205.27023315429688,131.8961944580078,211.98863220214844,467.3309326171875,489.1778259277344,134.6336669921875,1371.3199462890625
2025-03-20,558.4099731445312,172.8300018310547,262.8852844238281,203.6326141357422,131.58639526367188,208.85418701171875,463.5469970703125,486.89874267578125,133.7879638671875,1360.739990234375
2025-03-21,560.0,178.11000061035156,260.6195373535156,203.83233642578125,130.7669219970703,206.95361328125,436.6919860839844,488.38165283203125,131.6986083984375,1346.1199951171875
2025-03-24,572.52001953125,180.89999389648438,263.0633544921875,209.92343139648438,136.0135955810547,209.67015075683594,432.0042724609375,492.7208557128906,134.00685119628906,1380.3499755859375
2025-03-25,577.1799926757812,182.58999633789062,264.705810546875,211.82066345214844,137.632568359375,211.51100158691406,439.0457763671875,504.20587158203125,134.97193908691406,1394.1099853515625
2025-03-26,559.0599975585938,178.5500030517578,266.72418212890625,207.06759643554688,134.05484008789062,210.8841094970703,442.12457275390625,504.7234191894531,133.648681640625,1394.0400390625
2025-03-27,550.6500244140625,179.11000061035156,266.6351318359375,205.5797882080078,132.34591674804688,211.6503143310547,439.25433349609375,511.37158203125,132.75323486328125,1384.260009765625
2025-03-28,534.9500122070312,173.30999755859375,266.2294616699219,199.58853149414062,129.607666015625,206.72474670410156,438.4697265625,509.74932861328125,131.05191040039062,1377.199951171875
2025-03-31,525.9500122070312,170.5500030517578,269.6923828125,199.85812377929688,129.6476287841797,208.2770538330078,443.6540222167969,509.5701904296875,131.78817749023438,1383.2900390625
2025-04-01,541.2000122070312,168.1699981689453,271.2358703613281,203.49282836914062,131.6963348388672,208.71487426757812,445.5708312988281,510.65496826171875,132.1761932373047,1397.43994140625
2025-04-02,558.4199829101562,168.55999755859375,273.11572265625,199.47869873046875,133.8149871826172,210.85426330566406,449.7718811035156,509.7393798828125,132.4746551513672,1399.5699462890625
2025-04-03,539.6900024414062,150.91000366210938,266.76373291015625,187.3563995361328,124.92063903808594,208.90394592285156,451.6688232421875,512.7151489257812,129.56947326660156,1363.4200439453125
2025-04-04,497.1300048828125,136.58999633789062,247.36148071289062,166.56675720214844,112.25868225097656,201.0628204345703,429.1936340332031,483.2064208984375,116.85429382324219,1237.8499755859375
2025-04-07,502.54998779296875,138.86000061035156,245.05616760253906,167.45545959472656,115.70648956298828,199.2219696044922,427.87274169921875,479.2752380371094,116.7249526977539,1249.550048828125
2025-04-08,504.0299987792969,139.38999938964844,251.70497131347656,169.12301635742188,114.54722595214844,199.75929260253906,440.3269348144531,489.6257019042969,119.84902954101562,1231.75
2025-04-09,559.8400268554688,160.82000732421875,268.64361572265625,186.99691772460938,128.0086669921875,213.2921905517578,459.0777893066406,509.8587951660156,127.77859497070312,1317.0699462890625
2025-04-10,551.25,155.52000427246094,268.9404602050781,181.2453155517578,124.11115264892578,212.45631408691406,460.5278015136719,513.6307983398438,126.42549896240234,1298.199951171875
2025-04-11,567.97998046875,156.83999633789062,275.2381286621094,181.4050750732422,125.5902099609375,220.9342803955078,471.65118408203125,531.4454345703125,127.60945892333984,1313.0899658203125
2025-04-14,574.8300170898438,159.27999877929688,277.3572692871094,185.72877502441406,127.37907409667969,221.5910186767578,472.0881652832031,533.2667236328125,128.48500061035156,1337.1300048828125
2025-04-15,578.4199829101562,155.52000427246094,275.72564697265625,185.3992462158203,124.39097595214844,219.85960388183594,466.3675537109375,526.8375244140625,127.98754119873047,1360.9200439453125
2025-04-16,571.8499755859375,156.47000122070312,275.21826171875,182.18394470214844,123.851318359375,217.79981994628906,473.8162536621094,534.9486694335938,128.59445190429688,1336.300048828125
2025-04-17,559.530029296875,161.89999389648438,274.6710510253906,181.52490234375,123.15176391601562,217.14308166503906,460.9051818847656,537.8150024414062,128.23626708984375,1337.6600341796875
2025-04-21,541.9299926757812,159.33999633789062,271.7858581542969,178.08993530273438,119.39414978027344,213.0633087158203,455.19451904296875,528.7981567382812,125.4803237915039,1306.550048828125
2025-04-22,555.52001953125,162.52000427246094,273.3975830078125,188.9041290283203,124.22108459472656,214.01856994628906,458.9188537597656,461.8685607910156,113.17305755615234,1307.9000244140625
2025-04-23,576.9000244140625,172.3699951171875,264.3738708496094,193.39756774902344,129.61764526367188,215.2425079345703,460.3788146972656,470.3977355957031,119.66993713378906,1352.0
2025-04-24,590.6699829101562,176.25999450683594,270.3233337402344,197.12213134765625,133.40525817871094,215.2027130126953,463.61651611328125,460.8634033203125,121.35137176513672,1368.02001953125
2025-04-25,603.780029296875,177.9499969482422,270.58203125,198.14064025878906,135.67379760742188,215.01364135742188,474.3724365234375,470.94512939453125,124.58488464355469,1378.1300048828125
2025-04-28,602.4600219726562,182.3000030517578,270.55218505859375,200.56710815429688,136.26344299316406,217.68040466308594,473.03167724609375,481.0069580078125,124.1670150756836,1395.719970703125
2025-04-29,611.1300048828125,182.0,270.6914367675781,200.20762634277344,137.41270446777344,220.13821411132812,472.6244812011719,479.802734375,125.09230041503906,1407.8900146484375
2025-04-30,613.2999877929688,183.24000549316406,270.73126220703125,201.24610900878906,138.4920196533203,218.9342041015625,474.481689453125,484.1817626953125,125.49026489257812,1413.0699462890625
2025-05-01,621.0999755859375,182.88999938964844,270.1243896484375,203.31309509277344,147.93601989746094,218.82473754882812,474.4518737792969,484.3509521484375,126.76377868652344,1434.18994140625
2025-05-02,628.1599731445312,185.4600067138672,271.6366271972656,207.39712524414062,153.97218322753906,218.66552734375,469.5655212402344,489.07830810546875,129.54957580566406,1450.280029296875
2025-05-05,621.4000244140625,186.4600067138672,270.75115966796875,208.63531494140625,154.24200439453125,217.54110717773438,468.3340148925781,490.97918701171875,127.93778991699219,1472.6199951171875
2025-05-06,601.6699829101562,185.9600067138672,269.22894287109375,208.2958221435547,155.70108032226562,215.1230926513672,465.0069274902344,485.1571044921875,127.50997924804688,1391.8599853515625
2025-05-07,601.8200073242188,185.55999755859375,268.07489013671875,209.6138916015625,157.02023315429688,216.92416381835938,468.0956726074219,483.7239685058594,126.85331726074219,1382.760009765625
2025-05-08,686.8300170898438,191.6999969482422,270.59197998046875,214.17723083496094,157.40000915527344,217.31224060058594,471.2837219238281,482.0618896484375,128.0173797607422,1384.989990234375
2025-05-09,684.5900268554688,194.85000610351562,270.1741027832031,214.64654541015625,157.41000366210938,218.3072967529297,470.2806091308594,480.32025146484375,128.0173797607422,1373.489990234375
2025-05-12,693.0999755859375,198.52999877929688,274.8302307128906,218.63072204589844,156.9600067138672,217.8794403076172,469.923095703125,476.8767395019531,129.89779663085938,1417.1800537109375
2025-05-13,724.77001953125,203.4199981689453,271.62664794921875,221.2568817138672,158.3000030517578,217.29232788085938,456.68426513671875,468.42718505859375,130.05699157714844,1415.8399658203125
2025-05-14,728.530029296875,204.72000122070312,269.3085632324219,222.9144744873047,159.4600067138672,218.56600952148438,446.10711669921875,454.1256408691406,130.1266326904297,1391.18994140625
2025-05-15,728.3900146484375,206.24000549316406,277.0886535644531,229.04551696777344,161.2899932861328,225.74044799804688,461.9579772949219,466.81488037109375,134.8326416015625,1405.6199951171875
2025-05-16,733.1799926757812,205.82000732421875,279.27740478515625,231.4420166015625,162.8000030517578,229.06394958496094,465.1162109375,470.915283203125,134.7928466796875,1423.1700439453125
2025-05-19,742.3200073242188,205.25,279.9340515136719,234.94688415527344,166.24000549316406,229.8301544189453,469.8237609863281,468.8750305175781,136.50411987304688,1440.0
2025-05-20,742.75,207.6699981689453,280.1330261230469,234.91693115234375,165.10000610351562,229.680908203125,472.56488037109375,474.3289489746094,136.48422241210938,1429.5699462890625
2025-05-21,735.3800048828125,203.2100067138672,276.2828063964844,233.19943237304688,162.75999450683594,231.44215393066406,467.0627746582031,471.64178466796875,134.26553344726562,1407.97998046875
2025-05-22,723.75,203.41000366210938,275.6162109375,229.93421936035156,163.00999450683594,238.0095977783203,467.23162841796875,470.62664794921875,133.38999938964844,1405.1500244140625
2025-05-23,731.3699951171875,202.36000061035156,273.34783935546875,232.45053100585938,165.08999633789062,236.3179931640625,465.67236328125,469.2134094238281,132.35000610351562,1431.5
2025-05-27,746.0800170898438,201.02999877929688,277.80499267578125,241.42742919921875,169.69000244140625,246.67660522460938,473.5878601074219,473.2043151855469,134.19000244140625,1453.760009765625
2025-05-28,751.0,201.5,272.2435302734375,243.31466674804688,170.32000732421875,243.1640167236328,466.7648620605469,473.0550231933594,132.85000610351562,1460.52001953125
2025-05-29,730.2899780273438,208.17999267578125,273.7955627441406,243.80397033691406,170.08999633789062,242.21871948242188,470.449462890625,477.10565185546875,134.8000030517578,1460.6800537109375
2025-05-30,750.3599853515625,207.32000732421875,277.0687561035156,245.55140686035156,169.88999938964844,243.13417053222656,479.08001708984375,482.4599914550781,136.47999572753906,1468.4300537109375
2025-06-02,758.5700073242188,211.47000122070312,274.30291748046875,247.11911010742188,172.64999389648438,241.9600067138672,478.82000732421875,483.3800048828125,137.4600067138672,1453.77001953125
2025-06-03,759.0700073242188,213.42999267578125,274.6312561035156,248.507080078125,172.61000061035156,243.19000244140625,480.1700134277344,488.2200012207031,137.5,1455.949951171875
2025-06-04,780.0,211.97999572753906,273.62640380859375,250.51416015625,173.94000244140625,242.30999755859375,482.2099914550781,491.2900085449219,138.5500030517578,1448.699951171875
2025-06-05,788.3599853515625,209.02000427246094,273.01953125,251.55264282226562,175.00999450683594,242.05999755859375,478.0299987792969,488.1199951171875,139.07000732421875,1444.489990234375
2025-06-06,791.8499755859375,210.8000030517578,275.06903076171875,255.25723266601562,175.3699951171875,244.27000427246094,481.69000244140625,489.4100036621094,139.10000610351562,1465.8900146484375
2025-06-09,783.7999877929688,217.50999450683594,275.894775390625,251.04339599609375,172.8699951171875,245.41000366210938,480.8299865722656,491.3599853515625,140.97999572753906,1460.06005859375
2025-06-10,762.6599731445312,215.72999572753906,275.9544677734375,241.64710998535156,168.6199951171875,244.7899932861328,476.8999938964844,488.79998779296875,138.52000427246094,1433.0400390625
2025-06-11,778.3599853515625,214.0,274.42230224609375,245.1619873046875,170.74000549316406,246.6699981689453,456.6000061035156,488.4599914550781,141.80999755859375,1429.6199951171875
2025-06-12,775.2000122070312,203.75,278.50140380859375,239.64004516601562,171.52000427246094,250.38999938964844,469.2699890136719,497.1300048828125,140.97999572753906,1435.8399658203125
2025-06-13,780.6300048828125,200.32000732421875,281.55572509765625,236.25498962402344,171.1999969482422,256.989990234375,486.45001220703125,516.719970703125,145.69000244140625,1439.6099853515625
